﻿ExternalID,MainCategoryID,Price
ExternalID_665,Category_6,3500.0
ExternalID_666,Category_6,292.08
ExternalID_667,Category_6,2888.0
ExternalID_668,Category_6,700.0
ExternalID_669,Category_6,600.0
ExternalID_670,Category_6,500.0
ExternalID_671,Category_6,400.0
ExternalID_672,Category_6,136.72
ExternalID_673,Category_6,277.32
ExternalID_674,Category_6,172.04
ExternalID_675,Category_6,124.01
ExternalID_676,Category_6,319.73
ExternalID_677,Category_6,154.76
ExternalID_678,Category_6,358.89
ExternalID_679,Category_6,205.3
ExternalID_680,Category_6,250.35
ExternalID_681,Category_6,145.67
ExternalID_682,Category_6,238.31
ExternalID_683,Category_6,277.1
ExternalID_684,Category_6,250.82
ExternalID_685,Category_6,367.75
ExternalID_686,Category_6,361.97
ExternalID_687,Category_6,397.57
ExternalID_688,Category_6,244.17
ExternalID_689,Category_6,154.85
ExternalID_690,Category_6,208.59
ExternalID_691,Category_6,367.81
ExternalID_692,Category_6,262.48
ExternalID_693,Category_6,160.89
ExternalID_694,Category_6,370.42
ExternalID_695,Category_6,271.13
ExternalID_696,Category_6,139.71
ExternalID_697,Category_6,325.49
ExternalID_698,Category_6,268.22
ExternalID_699,Category_6,226.79
ExternalID_700,Category_7,142.47
ExternalID_701,Category_7,346.4
ExternalID_702,Category_7,145.31
ExternalID_703,Category_7,139.74
ExternalID_704,Category_7,322.59
ExternalID_705,Category_7,184.68
ExternalID_706,Category_7,313.48
ExternalID_707,Category_7,379.89
ExternalID_708,Category_7,238.32
ExternalID_709,Category_7,139.96
ExternalID_710,Category_7,133.68
ExternalID_711,Category_7,160.07
ExternalID_712,Category_7,175.74
ExternalID_713,Category_7,289.14
ExternalID_714,Category_7,169.49
ExternalID_715,Category_7,100.25
ExternalID_716,Category_7,322.38
ExternalID_717,Category_7,313.87
ExternalID_718,Category_7,331.47
ExternalID_719,Category_7,298.21
ExternalID_720,Category_7,202.45
ExternalID_721,Category_7,145.29
ExternalID_722,Category_7,142.87
ExternalID_723,Category_7,226.63
ExternalID_724,Category_7,334.83
ExternalID_725,Category_7,106.23
ExternalID_726,Category_7,124.44
ExternalID_727,Category_7,307.45
ExternalID_728,Category_7,181.73
ExternalID_729,Category_7,145.39
ExternalID_730,Category_7,307.97
ExternalID_731,Category_7,256.25
ExternalID_732,Category_7,277.03
ExternalID_733,Category_7,382.32
ExternalID_734,Category_7,331.04
ExternalID_735,Category_7,139.97
ExternalID_736,Category_7,295.91
ExternalID_737,Category_7,286.65
ExternalID_738,Category_7,259.9
ExternalID_739,Category_7,379.37
ExternalID_740,Category_7,199.98
ExternalID_741,Category_7,208.38
ExternalID_742,Category_7,238.75
ExternalID_743,Category_7,148.29
ExternalID_744,Category_7,307.25
ExternalID_745,Category_7,283.03
ExternalID_746,Category_7,196.26
ExternalID_747,Category_7,256.35
ExternalID_748,Category_7,379.89
ExternalID_749,Category_7,310.1
ExternalID_750,Category_7,379.09
ExternalID_751,Category_7,358.72
ExternalID_752,Category_7,313.04
ExternalID_753,Category_7,274.16
ExternalID_754,Category_7,343.03
ExternalID_755,Category_7,376.35
ExternalID_996,Category_9,325.6
ExternalID_997,Category_9,124.32
ExternalID_998,Category_9,352.53
ExternalID_999,Category_9,328.72
ExternalID_0,Category_0,205.57
ExternalID_1,Category_0,226.12
ExternalID_2,Category_0,313.67
ExternalID_3,Category_0,172.01
ExternalID_4,Category_0,112.64
